onset	duration	nEvent	EventType	channel
0.5145	0.0145	1	FR	01-02
15.99	0.028	2	FR	01-02
28.4985	0.017	3	FR	01-02
36.002	0.021	4	FR	01-02
39.088	0.0125	5	FR	01-02
73.8685	0.013	6	FR	01-02
84.0665	0.023	7	FR	01-02
89.1085	0.015	8	FR	01-02
109.271	0.0145	9	FR	01-02
123.1015	0.0125	10	FR	01-02
139.0375	0.0255	11	FR	01-02
146.7945	0.0185	12	FR	01-02
166.1025	0.028	13	FR	01-02
224.703	0.015	14	FR	01-02
228.485	0.0115	15	FR	01-02
2.7175	0.016	16	FR	02-03
6.082	0.0285	17	FR	02-03
8.2975	0.013	18	FR	02-03
9.4775	0.0155	19	FR	02-03
12.7675	0.0135	20	FR	02-03
14.8925	0.0265	21	FR	02-03
15.9905	0.0275	22	FR	02-03
20.545	0.0205	23	FR	02-03
24.576	0.01	24	FR	02-03
24.634	0.0115	25	FR	02-03
29.553	0.0225	26	FR	02-03
34.969	0.0105	27	FR	02-03
36.0025	0.023	28	FR	02-03
38.0635	0.0155	29	FR	02-03
42.837	0.027	30	FR	02-03
72.336	0.0165	31	FR	02-03
73.8625	0.013	32	FR	02-03
75.3225	0.039	33	FR	02-03
77.645	0.0375	34	FR	02-03
81.9115	0.036	35	FR	02-03
82.935	0.06	36	FR	02-03
91.076	0.0175	37	FR	02-03
92.855	0.017	38	FR	02-03
93.8925	0.0095	39	FR	02-03
119.305	0.0195	40	FR	02-03
123.0885	0.0225	41	FR	02-03
124.982	0.0275	42	FR	02-03
126.839	0.0165	43	FR	02-03
128.7525	0.0155	44	FR	02-03
129.792	0.017	45	FR	02-03
130.898	0.019	46	FR	02-03
132.7835	0.0125	47	FR	02-03
137.288	0.028	48	FR	02-03
137.4425	0.0115	49	FR	02-03
148.645	0.014	50	FR	02-03
154.4685	0.018	51	FR	02-03
161.6235	0.014	52	FR	02-03
166.095	0.0295	53	FR	02-03
168.5425	0.013	54	FR	02-03
169.535	0.02	55	FR	02-03
176.7175	0.01	56	FR	02-03
181.557	0.023	57	FR	02-03
185.2925	0.0375	58	FR	02-03
189.968	0.038	59	FR	02-03
190.966	0.0485	60	FR	02-03
195.6365	0.0165	61	FR	02-03
218.1305	0.0315	62	FR	02-03
219.3275	0.021	63	FR	02-03
221.4935	0.0135	64	FR	02-03
222.5815	0.0195	65	FR	02-03
223.6525	0.026	66	FR	02-03
224.695	0.022	67	FR	02-03
226.668	0.0145	68	FR	02-03
230.286	0.023	69	FR	02-03
231.363	0.01	70	FR	02-03
1.6555	0.018	71	FR	03-04
2.715	0.027	72	FR	03-04
6.0715	0.032	73	FR	03-04
9.4775	0.0115	74	FR	03-04
12.7665	0.014	75	FR	03-04
14.88	0.036	76	FR	03-04
15.991	0.0135	77	FR	03-04
20.541	0.023	78	FR	03-04
25.4575	0.0205	79	FR	03-04
26.533	0.019	80	FR	03-04
27.474	0.021	81	FR	03-04
31.707	0.0125	82	FR	03-04
33.9865	0.0165	83	FR	03-04
34.964	0.022	84	FR	03-04
36.0065	0.0195	85	FR	03-04
42.835	0.018	86	FR	03-04
70.15	0.028	87	FR	03-04
72.332	0.032	88	FR	03-04
73.8625	0.0135	89	FR	03-04
75.3345	0.0235	90	FR	03-04
76.4895	0.019	91	FR	03-04
77.646	0.02	92	FR	03-04
80.874	0.0125	93	FR	03-04
81.912	0.0305	94	FR	03-04
82.935	0.0445	95	FR	03-04
84.2855	0.0105	96	FR	03-04
90.1305	0.013	97	FR	03-04
91.0765	0.017	98	FR	03-04
102.8805	0.0265	99	FR	03-04
109.246	0.018	100	FR	03-04
111.205	0.019	101	FR	03-04
114.0285	0.018	102	FR	03-04
121.19	0.01	103	FR	03-04
122.102	0.01	104	FR	03-04
123.0905	0.0285	105	FR	03-04
124.9855	0.016	106	FR	03-04
125.967	0.0185	107	FR	03-04
126.839	0.0115	108	FR	03-04
128.7525	0.0115	109	FR	03-04
129.7905	0.019	110	FR	03-04
130.8965	0.0125	111	FR	03-04
134.7435	0.011	112	FR	03-04
141.0855	0.0185	113	FR	03-04
151.812	0.0125	114	FR	03-04
169.535	0.0215	115	FR	03-04
175.324	0.014	116	FR	03-04
181.5575	0.016	117	FR	03-04
183.391	0.012	118	FR	03-04
185.301	0.016	119	FR	03-04
189.975	0.0235	120	FR	03-04
190.9795	0.0155	121	FR	03-04
200.7305	0.026	122	FR	03-04
202.595	0.013	123	FR	03-04
204.642	0.018	124	FR	03-04
208.479	0.016	125	FR	03-04
216.823	0.016	126	FR	03-04
218.14	0.02	127	FR	03-04
219.3075	0.016	128	FR	03-04
220.4595	0.021	129	FR	03-04
221.493	0.0145	130	FR	03-04
222.5815	0.0155	131	FR	03-04
223.6545	0.0365	132	FR	03-04
224.6835	0.0295	133	FR	03-04
226.6485	0.0145	134	FR	03-04
229.401	0.018	135	FR	03-04
230.2855	0.024	136	FR	03-04
1.627	0.0265	137	FR	04-05
25.4385	0.032	138	FR	04-05
27.456	0.0175	139	FR	04-05
34.951	0.0315	140	FR	04-05
39.067	0.04	141	FR	04-05
51.1965	0.022	142	FR	04-05
70.1355	0.0285	143	FR	04-05
72.3275	0.0255	144	FR	04-05
73.8555	0.02	145	FR	04-05
81.9045	0.03	146	FR	04-05
82.936	0.019	147	FR	04-05
88.0005	0.0155	148	FR	04-05
93.7365	0.013	149	FR	04-05
122.0955	0.0145	150	FR	04-05
123.0875	0.012	151	FR	04-05
124.9835	0.021	152	FR	04-05
128.743	0.02	153	FR	04-05
139.014	0.0215	154	FR	04-05
140.115	0.025	155	FR	04-05
141.1055	0.0115	156	FR	04-05
143.9685	0.012	157	FR	04-05
146.77	0.022	158	FR	04-05
147.713	0.0135	159	FR	04-05
166.0735	0.026	160	FR	04-05
176.5315	0.014	161	FR	04-05
186.2275	0.0175	162	FR	04-05
189.972	0.018	163	FR	04-05
190.964	0.022	164	FR	04-05
197.403	0.012	165	FR	04-05
210.4135	0.0195	166	FR	04-05
220.435	0.022	167	FR	04-05
222.577	0.0165	168	FR	04-05
225.6455	0.025	169	FR	04-05
227.5075	0.0225	170	FR	04-05
228.4725	0.01	171	FR	04-05
233.649	0.018	172	FR	04-05
0.4765	0.0205	173	FR	05-06
2.6725	0.0275	174	FR	05-06
3.7885	0.017	175	FR	05-06
4.949	0.0165	176	FR	05-06
8.2685	0.0195	177	FR	05-06
20.524	0.031	178	FR	05-06
21.45	0.015	179	FR	05-06
23.4525	0.0305	180	FR	05-06
24.403	0.015	181	FR	05-06
28.467	0.026	182	FR	05-06
30.878	0.0285	183	FR	05-06
34.9495	0.0225	184	FR	05-06
39.067	0.029	185	FR	05-06
40.587	0.013	186	FR	05-06
51.1725	0.035	187	FR	05-06
53.7785	0.0395	188	FR	05-06
63.1885	0.0245	189	FR	05-06
72.319	0.0235	190	FR	05-06
73.845	0.031	191	FR	05-06
78.6965	0.017	192	FR	05-06
81.8915	0.013	193	FR	05-06
81.9095	0.015	194	FR	05-06
82.9155	0.0195	195	FR	05-06
82.9375	0.025	196	FR	05-06
87.9825	0.0155	197	FR	05-06
93.717	0.0165	198	FR	05-06
103.763	0.014	199	FR	05-06
109.2275	0.0155	200	FR	05-06
128.7305	0.017	201	FR	05-06
139.0025	0.0325	202	FR	05-06
140.128	0.0165	203	FR	05-06
141.1055	0.0125	204	FR	05-06
141.838	0.015	205	FR	05-06
143.941	0.039	206	FR	05-06
148.646	0.012	207	FR	05-06
155.471	0.011	208	FR	05-06
161.6165	0.0145	209	FR	05-06
163.3855	0.0135	210	FR	05-06
166.0725	0.0135	211	FR	05-06
168.544	0.0185	212	FR	05-06
169.538	0.0275	213	FR	05-06
173.5705	0.034	214	FR	05-06
176.5325	0.0205	215	FR	05-06
178.564	0.0165	216	FR	05-06
179.525	0.0195	217	FR	05-06
186.2105	0.0325	218	FR	05-06
190.9655	0.019	219	FR	05-06
200.723	0.014	220	FR	05-06
202.5865	0.0225	221	FR	05-06
208.467	0.015	222	FR	05-06
210.4135	0.0195	223	FR	05-06
215.7035	0.014	224	FR	05-06
218.1225	0.0155	225	FR	05-06
220.4345	0.0175	226	FR	05-06
221.4785	0.028	227	FR	05-06
222.5465	0.018	228	FR	05-06
225.647	0.016	229	FR	05-06
226.651	0.0125	230	FR	05-06
227.501	0.0285	231	FR	05-06
231.3325	0.0305	232	FR	05-06
0.481	0.0255	233	FR	06-07
1.6185	0.0305	234	FR	06-07
2.6975	0.014	235	FR	06-07
3.7895	0.037	236	FR	06-07
4.97	0.0185	237	FR	06-07
6.046	0.0115	238	FR	06-07
6.059	0.0155	239	FR	06-07
7.196	0.0235	240	FR	06-07
8.264	0.026	241	FR	06-07
9.4615	0.0185	242	FR	06-07
11.6925	0.023	243	FR	06-07
12.7485	0.0265	244	FR	06-07
13.802	0.035	245	FR	06-07
14.881	0.017	246	FR	06-07
15.9835	0.0165	247	FR	06-07
20.5385	0.013	248	FR	06-07
21.4525	0.0115	249	FR	06-07
23.457	0.0135	250	FR	06-07
24.408	0.0235	251	FR	06-07
25.427	0.0515	252	FR	06-07
32.8155	0.018	253	FR	06-07
34.949	0.0185	254	FR	06-07
35.99	0.0095	255	FR	06-07
39.0455	0.0165	256	FR	06-07
51.1845	0.0145	257	FR	06-07
53.791	0.0165	258	FR	06-07
63.208	0.017	259	FR	06-07
70.1235	0.0305	260	FR	06-07
72.317	0.0115	261	FR	06-07
73.8385	0.0175	262	FR	06-07
75.292	0.017	263	FR	06-07
75.31	0.0225	264	FR	06-07
77.6245	0.0365	265	FR	06-07
78.7045	0.027	266	FR	06-07
80.87	0.025	267	FR	06-07
81.9045	0.0125	268	FR	06-07
84.047	0.0195	269	FR	06-07
87.9985	0.02	270	FR	06-07
89.067	0.0285	271	FR	06-07
91.0715	0.033	272	FR	06-07
91.879	0.016	273	FR	06-07
93.7275	0.028	274	FR	06-07
95.832	0.028	275	FR	06-07
100.5875	0.023	276	FR	06-07
101.9165	0.029	277	FR	06-07
103.763	0.0215	278	FR	06-07
104.7095	0.02	279	FR	06-07
105.721	0.0355	280	FR	06-07
109.2285	0.0205	281	FR	06-07
112.17	0.0245	282	FR	06-07
122.0785	0.021	283	FR	06-07
123.05	0.025	284	FR	06-07
123.0795	0.0155	285	FR	06-07
123.9385	0.0175	286	FR	06-07
125.9495	0.0285	287	FR	06-07
126.8175	0.016	288	FR	06-07
128.734	0.012	289	FR	06-07
129.7755	0.033	290	FR	06-07
135.552	0.0175	291	FR	06-07
139.003	0.0195	292	FR	06-07
146.755	0.018	293	FR	06-07
146.779	0.015	294	FR	06-07
148.6375	0.0175	295	FR	06-07
149.6515	0.0245	296	FR	06-07
155.461	0.01	297	FR	06-07
156.3685	0.01	298	FR	06-07
161.614	0.016	299	FR	06-07
162.4585	0.04	300	FR	06-07
167.4195	0.0185	301	FR	06-07
168.539	0.018	302	FR	06-07
169.5195	0.015	303	FR	06-07
173.57	0.0255	304	FR	06-07
174.134	0.012	305	FR	06-07
176.5325	0.021	306	FR	06-07
177.4485	0.028	307	FR	06-07
178.567	0.016	308	FR	06-07
179.5085	0.015	309	FR	06-07
180.486	0.016	310	FR	06-07
181.559	0.011	311	FR	06-07
182.467	0.043	312	FR	06-07
183.3515	0.0205	313	FR	06-07
185.282	0.0245	314	FR	06-07
186.2135	0.0135	315	FR	06-07
189.965	0.0225	316	FR	06-07
208.4675	0.0185	317	FR	06-07
209.4395	0.019	318	FR	06-07
210.392	0.0305	319	FR	06-07
212.7535	0.021	320	FR	06-07
215.7025	0.015	321	FR	06-07
219.276	0.01	322	FR	06-07
220.43	0.0195	323	FR	06-07
221.4885	0.0195	324	FR	06-07
222.557	0.014	325	FR	06-07
223.6325	0.01	326	FR	06-07
223.6565	0.0165	327	FR	06-07
224.66	0.011	328	FR	06-07
224.6755	0.012	329	FR	06-07
225.624	0.021	330	FR	06-07
227.503	0.028	331	FR	06-07
229.381	0.026	332	FR	06-07
230.268	0.013	333	FR	06-07
231.326	0.0265	334	FR	06-07
232.2135	0.0265	335	FR	06-07
233.615	0.014	336	FR	06-07
234.851	0.032	337	FR	06-07
0.469	0.049	338	FR	07-08
1.6305	0.027	339	FR	07-08
2.6845	0.0275	340	FR	07-08
3.7875	0.0195	341	FR	07-08
4.9725	0.024	342	FR	07-08
6.053	0.0215	343	FR	07-08
8.2655	0.0135	344	FR	07-08
9.45	0.021	345	FR	07-08
10.551	0.01	346	FR	07-08
11.6805	0.0345	347	FR	07-08
12.7455	0.017	348	FR	07-08
13.8095	0.03	349	FR	07-08
14.8825	0.0185	350	FR	07-08
15.9635	0.0285	351	FR	07-08
20.515	0.0365	352	FR	07-08
21.447	0.02	353	FR	07-08
23.4535	0.02	354	FR	07-08
25.437	0.037	355	FR	07-08
27.447	0.029	356	FR	07-08
28.4655	0.0265	357	FR	07-08
29.5195	0.029	358	FR	07-08
31.667	0.027	359	FR	07-08
32.818	0.0245	360	FR	07-08
34.9465	0.0215	361	FR	07-08
35.9815	0.021	362	FR	07-08
37.1125	0.0285	363	FR	07-08
39.047	0.012	364	FR	07-08
40.5665	0.0275	365	FR	07-08
51.1765	0.0315	366	FR	07-08
63.2105	0.024	367	FR	07-08
66.728	0.0265	368	FR	07-08
69.3075	0.019	369	FR	07-08
70.1325	0.0115	370	FR	07-08
72.2875	0.059	371	FR	07-08
73.841	0.0155	372	FR	07-08
75.3055	0.023	373	FR	07-08
76.466	0.016	374	FR	07-08
77.6335	0.027	375	FR	07-08
78.715	0.02	376	FR	07-08
79.724	0.018	377	FR	07-08
80.8555	0.035	378	FR	07-08
81.887	0.043	379	FR	07-08
82.923	0.0255	380	FR	07-08
84.0305	0.0205	381	FR	07-08
84.0525	0.018	382	FR	07-08
85.028	0.0175	383	FR	07-08
87.9885	0.0345	384	FR	07-08
89.0765	0.0115	385	FR	07-08
90.1075	0.0205	386	FR	07-08
91.0435	0.0555	387	FR	07-08
91.8755	0.016	388	FR	07-08
92.836	0.016	389	FR	07-08
93.726	0.0255	390	FR	07-08
95.805	0.029	391	FR	07-08
97.362	0.014	392	FR	07-08
100.5865	0.0265	393	FR	07-08
101.9115	0.0345	394	FR	07-08
103.7525	0.032	395	FR	07-08
104.7055	0.028	396	FR	07-08
105.71	0.035	397	FR	07-08
108.1835	0.057	398	FR	07-08
109.23	0.03	399	FR	07-08
111.155	0.037	400	FR	07-08
112.16	0.019	401	FR	07-08
114.0125	0.03	402	FR	07-08
114.925	0.0105	403	FR	07-08
119.98	0.019	404	FR	07-08
122.074	0.035	405	FR	07-08
123.0635	0.0275	406	FR	07-08
123.938	0.029	407	FR	07-08
124.959	0.0185	408	FR	07-08
125.9485	0.0295	409	FR	07-08
126.8205	0.0135	410	FR	07-08
128.7155	0.0305	411	FR	07-08
129.7905	0.0205	412	FR	07-08
134.712	0.017	413	FR	07-08
135.5495	0.013	414	FR	07-08
137.262	0.0285	415	FR	07-08
138.9915	0.0325	416	FR	07-08
141.0565	0.0255	417	FR	07-08
146.778	0.011	418	FR	07-08
147.6865	0.023	419	FR	07-08
155.462	0.024	420	FR	07-08
156.366	0.0215	421	FR	07-08
157.7105	0.021	422	FR	07-08
161.5855	0.0155	423	FR	07-08
162.447	0.037	424	FR	07-08
166.0855	0.03	425	FR	07-08
167.405	0.0345	426	FR	07-08
168.5255	0.011	427	FR	07-08
169.508	0.014	428	FR	07-08
175.2815	0.042	429	FR	07-08
176.5075	0.023	430	FR	07-08
177.4635	0.0115	431	FR	07-08
179.4945	0.0245	432	FR	07-08
180.483	0.0135	433	FR	07-08
181.5515	0.0225	434	FR	07-08
185.2695	0.0385	435	FR	07-08
186.192	0.035	436	FR	07-08
187.261	0.013	437	FR	07-08
189.954	0.0185	438	FR	07-08
190.947	0.0235	439	FR	07-08
193.974	0.0185	440	FR	07-08
199.837	0.024	441	FR	07-08
200.7095	0.0435	442	FR	07-08
201.6365	0.0195	443	FR	07-08
202.575	0.0215	444	FR	07-08
206.5895	0.0135	445	FR	07-08
208.454	0.0405	446	FR	07-08
210.392	0.0435	447	FR	07-08
211.681	0.014	448	FR	07-08
212.739	0.0205	449	FR	07-08
220.43	0.0245	450	FR	07-08
221.4795	0.0325	451	FR	07-08
222.5485	0.043	452	FR	07-08
223.6405	0.0385	453	FR	07-08
224.6575	0.0305	454	FR	07-08
225.627	0.026	455	FR	07-08
226.632	0.0485	456	FR	07-08
227.5015	0.0345	457	FR	07-08
228.4415	0.0315	458	FR	07-08
231.3265	0.013	459	FR	07-08
232.213	0.0235	460	FR	07-08
234.8425	0.043	461	FR	07-08
0.515	0.0185	462	FR	09-10
1.6535	0.018	463	FR	09-10
2.7205	0.013	464	FR	09-10
3.825	0.0095	465	FR	09-10
12.764	0.021	466	FR	09-10
13.84	0.017	467	FR	09-10
15.9915	0.0295	468	FR	09-10
19.633	0.023	469	FR	09-10
20.553	0.0145	470	FR	09-10
22.413	0.0185	471	FR	09-10
23.487	0.015	472	FR	09-10
25.4675	0.024	473	FR	09-10
26.543	0.0135	474	FR	09-10
27.464	0.041	475	FR	09-10
30.6055	0.027	476	FR	09-10
31.7015	0.0195	477	FR	09-10
34.98	0.0185	478	FR	09-10
38.068	0.0155	479	FR	09-10
51.2255	0.0145	480	FR	09-10
63.2425	0.0165	481	FR	09-10
66.3495	0.015	482	FR	09-10
72.3355	0.0235	483	FR	09-10
75.3255	0.011	484	FR	09-10
76.4885	0.0325	485	FR	09-10
77.6575	0.021	486	FR	09-10
82.967	0.0145	487	FR	09-10
97.6995	0.0305	488	FR	09-10
98.999	0.016	489	FR	09-10
102.89	0.0205	490	FR	09-10
109.261	0.0195	491	FR	09-10
112.1915	0.015	492	FR	09-10
119.3185	0.0205	493	FR	09-10
121.191	0.011	494	FR	09-10
122.096	0.0325	495	FR	09-10
126.8475	0.0195	496	FR	09-10
128.753	0.014	497	FR	09-10
136.223	0.023	498	FR	09-10
139.0335	0.021	499	FR	09-10
141.1005	0.012	500	FR	09-10
146.8025	0.018	501	FR	09-10
160.8325	0.0275	502	FR	09-10
162.499	0.0175	503	FR	09-10
163.413	0.0095	504	FR	09-10
175.315	0.024	505	FR	09-10
175.346	0.0155	506	FR	09-10
176.7355	0.01	507	FR	09-10
179.5365	0.014	508	FR	09-10
182.787	0.0175	509	FR	09-10
185.318	0.017	510	FR	09-10
186.2415	0.0155	511	FR	09-10
187.278	0.02	512	FR	09-10
190.9675	0.019	513	FR	09-10
195.626	0.0175	514	FR	09-10
201.8125	0.017	515	FR	09-10
209.7065	0.0255	516	FR	09-10
210.422	0.0255	517	FR	09-10
212.7755	0.026	518	FR	09-10
214.6915	0.0175	519	FR	09-10
218.1505	0.0095	520	FR	09-10
219.3085	0.0165	521	FR	09-10
219.3335	0.012	522	FR	09-10
223.663	0.0275	523	FR	09-10
224.6945	0.0145	524	FR	09-10
228.4755	0.018	525	FR	09-10
231.364	0.0175	526	FR	09-10
233.6405	0.01	527	FR	09-10
0.4985	0.0105	528	FR	10-11
1.6385	0.05	529	FR	10-11
3.8045	0.034	530	FR	10-11
6.071	0.021	531	FR	10-11
7.217	0.0185	532	FR	10-11
9.474	0.0225	533	FR	10-11
13.8365	0.021	534	FR	10-11
15.9875	0.0295	535	FR	10-11
17.1305	0.0325	536	FR	10-11
20.5455	0.03	537	FR	10-11
21.475	0.016	538	FR	10-11
23.4865	0.015	539	FR	10-11
26.545	0.026	540	FR	10-11
27.479	0.016	541	FR	10-11
28.487	0.03	542	FR	10-11
30.614	0.019	543	FR	10-11
34.9745	0.019	544	FR	10-11
35.9945	0.0265	545	FR	10-11
39.079	0.026	546	FR	10-11
51.2255	0.0115	547	FR	10-11
63.235	0.0195	548	FR	10-11
70.146	0.0315	549	FR	10-11
72.353	0.015	550	FR	10-11
73.8525	0.0365	551	FR	10-11
76.487	0.021	552	FR	10-11
77.654	0.016	553	FR	10-11
81.916	0.0165	554	FR	10-11
84.0735	0.011	555	FR	10-11
88.011	0.0225	556	FR	10-11
97.7115	0.0185	557	FR	10-11
99.0005	0.015	558	FR	10-11
102.8955	0.0175	559	FR	10-11
103.7815	0.032	560	FR	10-11
104.74	0.014	561	FR	10-11
105.7515	0.017	562	FR	10-11
109.2535	0.0215	563	FR	10-11
112.1915	0.023	564	FR	10-11
122.0975	0.0245	565	FR	10-11
123.0905	0.0145	566	FR	10-11
124.9895	0.0115	567	FR	10-11
125.9885	0.0125	568	FR	10-11
126.839	0.019	569	FR	10-11
128.7455	0.024	570	FR	10-11
136.2215	0.0235	571	FR	10-11
137.2925	0.0255	572	FR	10-11
139.026	0.0275	573	FR	10-11
141.1055	0.0145	574	FR	10-11
146.7965	0.01	575	FR	10-11
148.6615	0.017	576	FR	10-11
157.731	0.0325	577	FR	10-11
161.62	0.0265	578	FR	10-11
162.496	0.023	579	FR	10-11
168.545	0.0255	580	FR	10-11
169.5405	0.0145	581	FR	10-11
183.3905	0.015	582	FR	10-11
185.3035	0.014	583	FR	10-11
189.9825	0.0165	584	FR	10-11
190.973	0.019	585	FR	10-11
195.6215	0.0225	586	FR	10-11
201.812	0.0185	587	FR	10-11
209.7055	0.0255	588	FR	10-11
210.4205	0.015	589	FR	10-11
211.7495	0.0105	590	FR	10-11
212.769	0.019	591	FR	10-11
214.678	0.032	592	FR	10-11
218.1435	0.018	593	FR	10-11
219.3045	0.017	594	FR	10-11
221.51	0.017	595	FR	10-11
222.5875	0.019	596	FR	10-11
223.663	0.0265	597	FR	10-11
224.7025	0.0145	598	FR	10-11
225.656	0.0185	599	FR	10-11
227.526	0.013	600	FR	10-11
228.4775	0.015	601	FR	10-11
230.288	0.021	602	FR	10-11
231.365	0.02	603	FR	10-11
233.64	0.02	604	FR	10-11
234.87	0.029	605	FR	10-11
0.4945	0.0225	606	FR	11-12
1.6425	0.0365	607	FR	11-12
2.7145	0.0295	608	FR	11-12
4.9685	0.0255	609	FR	11-12
7.217	0.014	610	FR	11-12
12.76	0.0255	611	FR	11-12
14.8755	0.014	612	FR	11-12
23.4875	0.0175	613	FR	11-12
25.4625	0.0135	614	FR	11-12
26.5415	0.0175	615	FR	11-12
34.973	0.019	616	FR	11-12
35.9915	0.0335	617	FR	11-12
39.0755	0.03	618	FR	11-12
42.842	0.0175	619	FR	11-12
70.1455	0.0285	620	FR	11-12
72.349	0.027	621	FR	11-12
73.842	0.0425	622	FR	11-12
75.3395	0.0185	623	FR	11-12
76.4805	0.0195	624	FR	11-12
82.9415	0.021	625	FR	11-12
85.069	0.017	626	FR	11-12
88.0155	0.0175	627	FR	11-12
90.118	0.0215	628	FR	11-12
104.74	0.014	629	FR	11-12
105.7455	0.0165	630	FR	11-12
108.2225	0.0195	631	FR	11-12
122.11	0.0195	632	FR	11-12
123.0935	0.0195	633	FR	11-12
125.982	0.015	634	FR	11-12
128.75	0.026	635	FR	11-12
146.7885	0.0185	636	FR	11-12
161.6265	0.025	637	FR	11-12
166.0955	0.012	638	FR	11-12
175.314	0.026	639	FR	11-12
179.5255	0.026	640	FR	11-12
185.3055	0.0125	641	FR	11-12
187.276	0.0235	642	FR	11-12
189.983	0.024	643	FR	11-12
190.962	0.031	644	FR	11-12
195.6255	0.018	645	FR	11-12
200.743	0.0155	646	FR	11-12
208.4825	0.0145	647	FR	11-12
212.7815	0.0225	648	FR	11-12
219.3035	0.0335	649	FR	11-12
224.685	0.025	650	FR	11-12
225.6445	0.026	651	FR	11-12
230.272	0.031	652	FR	11-12
233.637	0.0315	653	FR	11-12
1.6355	0.018	654	FR	12-13
3.811	0.02	655	FR	12-13
14.874	0.017	656	FR	12-13
25.4525	0.026	657	FR	12-13
31.698	0.0205	658	FR	12-13
39.0685	0.022	659	FR	12-13
40.605	0.0165	660	FR	12-13
63.232	0.0195	661	FR	12-13
70.145	0.0195	662	FR	12-13
72.321	0.021	663	FR	12-13
73.8515	0.0175	664	FR	12-13
75.3245	0.0305	665	FR	12-13
76.4895	0.0125	666	FR	12-13
77.648	0.0145	667	FR	12-13
82.9335	0.0185	668	FR	12-13
90.119	0.019	669	FR	12-13
104.723	0.0145	670	FR	12-13
109.2445	0.022	671	FR	12-13
122.091	0.02	672	FR	12-13
143.9615	0.024	673	FR	12-13
179.5245	0.0225	674	FR	12-13
183.3845	0.0145	675	FR	12-13
189.976	0.0175	676	FR	12-13
190.957	0.021	677	FR	12-13
210.4145	0.027	678	FR	12-13
220.439	0.0195	679	FR	12-13
222.5755	0.0145	680	FR	12-13
224.6765	0.016	681	FR	12-13
225.657	0.011	682	FR	12-13
231.3415	0.0205	683	FR	12-13
233.641	0.0135	684	FR	12-13
0.486	0.028	685	FR	13-14
1.6355	0.02	686	FR	13-14
3.7865	0.026	687	FR	13-14
8.2525	0.0335	688	FR	13-14
9.4585	0.0145	689	FR	13-14
10.5475	0.0135	690	FR	13-14
12.7265	0.0425	691	FR	13-14
14.8675	0.0125	692	FR	13-14
20.532	0.0255	693	FR	13-14
21.4515	0.015	694	FR	13-14
22.3965	0.0235	695	FR	13-14
25.4355	0.0285	696	FR	13-14
28.4755	0.0165	697	FR	13-14
31.683	0.025	698	FR	13-14
34.9435	0.0145	699	FR	13-14
35.9825	0.0195	700	FR	13-14
38.049	0.013	701	FR	13-14
39.0635	0.024	702	FR	13-14
46.129	0.013	703	FR	13-14
51.1865	0.029	704	FR	13-14
52.7705	0.0115	705	FR	13-14
53.805	0.019	706	FR	13-14
63.2045	0.0265	707	FR	13-14
75.294	0.046	708	FR	13-14
77.63	0.035	709	FR	13-14
78.7125	0.0325	710	FR	13-14
80.8595	0.0205	711	FR	13-14
81.8955	0.0215	712	FR	13-14
82.938	0.023	713	FR	13-14
88.0055	0.0125	714	FR	13-14
93.73	0.019	715	FR	13-14
103.7635	0.0215	716	FR	13-14
104.7155	0.0125	717	FR	13-14
109.231	0.016	718	FR	13-14
122.079	0.017	719	FR	13-14
139.005	0.014	720	FR	13-14
141.097	0.0145	721	FR	13-14
148.6295	0.032	722	FR	13-14
155.4585	0.025	723	FR	13-14
156.3775	0.015	724	FR	13-14
163.391	0.0115	725	FR	13-14
166.074	0.0105	726	FR	13-14
168.5375	0.027	727	FR	13-14
169.52	0.0155	728	FR	13-14
173.573	0.0255	729	FR	13-14
174.146	0.022	730	FR	13-14
175.3035	0.0095	731	FR	13-14
177.454	0.02	732	FR	13-14
179.5205	0.0115	733	FR	13-14
181.5755	0.0145	734	FR	13-14
189.9635	0.033	735	FR	13-14
190.953	0.012	736	FR	13-14
200.7255	0.029	737	FR	13-14
202.59	0.02	738	FR	13-14
208.471	0.022	739	FR	13-14
210.427	0.0155	740	FR	13-14
218.1195	0.023	741	FR	13-14
219.29	0.013	742	FR	13-14
220.437	0.0135	743	FR	13-14
221.489	0.0255	744	FR	13-14
224.672	0.0165	745	FR	13-14
225.638	0.029	746	FR	13-14
227.512	0.0165	747	FR	13-14
228.454	0.014	748	FR	13-14
230.258	0.025	749	FR	13-14
231.3415	0.021	750	FR	13-14
232.23	0.0185	751	FR	13-14
0.478	0.0205	752	FR	14-15
2.6945	0.0225	753	FR	14-15
3.787	0.037	754	FR	14-15
6.062	0.0195	755	FR	14-15
7.2095	0.013	756	FR	14-15
8.252	0.038	757	FR	14-15
9.458	0.0145	758	FR	14-15
10.5435	0.0115	759	FR	14-15
11.6805	0.0365	760	FR	14-15
12.7345	0.0215	761	FR	14-15
21.452	0.022	762	FR	14-15
24.4185	0.013	763	FR	14-15
25.4345	0.0295	764	FR	14-15
27.4485	0.0155	765	FR	14-15
29.542	0.0125	766	FR	14-15
31.6835	0.0145	767	FR	14-15
32.8155	0.03	768	FR	14-15
34.9505	0.0245	769	FR	14-15
35.983	0.019	770	FR	14-15
37.1285	0.0185	771	FR	14-15
39.047	0.0185	772	FR	14-15
40.5955	0.0205	773	FR	14-15
46.128	0.0155	774	FR	14-15
51.1885	0.024	775	FR	14-15
52.783	0.022	776	FR	14-15
53.799	0.02	777	FR	14-15
63.2005	0.0135	778	FR	14-15
63.2215	0.0185	779	FR	14-15
66.7415	0.0235	780	FR	14-15
70.1365	0.0155	781	FR	14-15
72.324	0.029	782	FR	14-15
73.84	0.04	783	FR	14-15
75.304	0.0195	784	FR	14-15
76.47	0.0425	785	FR	14-15
77.639	0.015	786	FR	14-15
78.714	0.0275	787	FR	14-15
80.869	0.027	788	FR	14-15
85.049	0.0155	789	FR	14-15
89.091	0.013	790	FR	14-15
90.115	0.022	791	FR	14-15
91.8695	0.031	792	FR	14-15
95.834	0.018	793	FR	14-15
103.7635	0.019	794	FR	14-15
104.711	0.0145	795	FR	14-15
109.237	0.0115	796	FR	14-15
114.03	0.013	797	FR	14-15
122.0765	0.019	798	FR	14-15
123.0785	0.0115	799	FR	14-15
123.95	0.014	800	FR	14-15
124.977	0.0175	801	FR	14-15
125.9625	0.019	802	FR	14-15
126.8305	0.018	803	FR	14-15
128.7375	0.014	804	FR	14-15
138.9995	0.0185	805	FR	14-15
140.118	0.0155	806	FR	14-15
146.7595	0.025	807	FR	14-15
148.629	0.032	808	FR	14-15
155.469	0.0345	809	FR	14-15
156.3625	0.0265	810	FR	14-15
162.488	0.023	811	FR	14-15
163.388	0.018	812	FR	14-15
175.3035	0.023	813	FR	14-15
176.5275	0.0115	814	FR	14-15
179.5075	0.0315	815	FR	14-15
182.476	0.02	816	FR	14-15
185.293	0.0225	817	FR	14-15
186.207	0.024	818	FR	14-15
189.9765	0.0215	819	FR	14-15
190.959	0.026	820	FR	14-15
200.7295	0.0095	821	FR	14-15
204.638	0.0135	822	FR	14-15
208.471	0.027	823	FR	14-15
210.411	0.0145	824	FR	14-15
212.762	0.014	825	FR	14-15
219.289	0.0155	826	FR	14-15
221.495	0.016	827	FR	14-15
222.568	0.013	828	FR	14-15
223.6465	0.0235	829	FR	14-15
225.6285	0.0325	830	FR	14-15
227.516	0.0125	831	FR	14-15
229.3885	0.0195	832	FR	14-15
230.257	0.024	833	FR	14-15
231.3475	0.011	834	FR	14-15
232.23	0.022	835	FR	14-15
233.6145	0.033	836	FR	14-15
234.853	0.0215	837	FR	14-15
0.501	0.0115	838	FR	15-16
1.644	0.0095	839	FR	15-16
4.9705	0.0135	840	FR	15-16
6.069	0.019	841	FR	15-16
7.1945	0.0225	842	FR	15-16
8.277	0.01	843	FR	15-16
10.549	0.027	844	FR	15-16
11.6875	0.0405	845	FR	15-16
12.7575	0.0175	846	FR	15-16
13.825	0.0185	847	FR	15-16
24.431	0.0155	848	FR	15-16
25.4365	0.04	849	FR	15-16
26.527	0.0295	850	FR	15-16
27.446	0.028	851	FR	15-16
28.478	0.0175	852	FR	15-16
34.956	0.019	853	FR	15-16
35.9735	0.0325	854	FR	15-16
37.1275	0.018	855	FR	15-16
39.0445	0.037	856	FR	15-16
52.7945	0.012	857	FR	15-16
63.2105	0.026	858	FR	15-16
66.7405	0.019	859	FR	15-16
70.1155	0.0415	860	FR	15-16
72.311	0.032	861	FR	15-16
73.8315	0.027	862	FR	15-16
75.326	0.028	863	FR	15-16
76.468	0.027	864	FR	15-16
77.6345	0.0315	865	FR	15-16
78.729	0.014	866	FR	15-16
79.746	0.014	867	FR	15-16
80.867	0.0285	868	FR	15-16
81.8985	0.0265	869	FR	15-16
84.0475	0.0175	870	FR	15-16
85.05	0.0145	871	FR	15-16
89.081	0.0305	872	FR	15-16
91.875	0.026	873	FR	15-16
92.8515	0.0175	874	FR	15-16
93.929	0.023	875	FR	15-16
95.82	0.0305	876	FR	15-16
104.7215	0.0285	877	FR	15-16
105.7145	0.02	878	FR	15-16
106.761	0.015	879	FR	15-16
107.2955	0.0165	880	FR	15-16
107.321	0.0115	881	FR	15-16
108.2155	0.0125	882	FR	15-16
109.2505	0.0175	883	FR	15-16
120.005	0.011	884	FR	15-16
123.085	0.021	885	FR	15-16
125.9685	0.0135	886	FR	15-16
128.7365	0.0255	887	FR	15-16
129.791	0.018	888	FR	15-16
139.006	0.015	889	FR	15-16
140.116	0.019	890	FR	15-16
146.7585	0.0365	891	FR	15-16
147.6995	0.026	892	FR	15-16
155.465	0.0325	893	FR	15-16
156.376	0.0195	894	FR	15-16
157.7255	0.0185	895	FR	15-16
161.609	0.017	896	FR	15-16
163.3925	0.013	897	FR	15-16
168.536	0.019	898	FR	15-16
175.3045	0.0275	899	FR	15-16
177.459	0.021	900	FR	15-16
180.5055	0.016	901	FR	15-16
181.56	0.016	902	FR	15-16
183.3715	0.0195	903	FR	15-16
185.2785	0.0275	904	FR	15-16
185.4795	0.0225	905	FR	15-16
186.208	0.0145	906	FR	15-16
189.963	0.025	907	FR	15-16
190.9495	0.031	908	FR	15-16
201.658	0.018	909	FR	15-16
220.435	0.0355	910	FR	15-16
221.4995	0.028	911	FR	15-16
222.5605	0.0205	912	FR	15-16
224.664	0.0325	913	FR	15-16
226.634	0.0475	914	FR	15-16
228.4625	0.0215	915	FR	15-16
233.604	0.0395	916	FR	15-16
234.8615	0.0195	917	FR	15-16
1.6415	0.035	918	FR	17-18
2.6995	0.04	919	FR	17-18
12.771	0.024	920	FR	17-18
14.91	0.014	921	FR	17-18
22.432	0.01	922	FR	17-18
25.4635	0.0255	923	FR	17-18
27.4615	0.018	924	FR	17-18
28.486	0.0115	925	FR	17-18
30.892	0.0125	926	FR	17-18
51.207	0.0125	927	FR	17-18
58.165	0.015	928	FR	17-18
66.7665	0.0215	929	FR	17-18
70.154	0.0145	930	FR	17-18
72.342	0.01	931	FR	17-18
73.859	0.0165	932	FR	17-18
76.4845	0.0315	933	FR	17-18
81.9245	0.0185	934	FR	17-18
82.9455	0.0205	935	FR	17-18
84.078	0.011	936	FR	17-18
90.126	0.027	937	FR	17-18
122.0955	0.014	938	FR	17-18
123.0905	0.016	939	FR	17-18
124.9975	0.022	940	FR	17-18
125.987	0.0125	941	FR	17-18
128.7525	0.013	942	FR	17-18
130.8955	0.012	943	FR	17-18
139.027	0.0335	944	FR	17-18
140.128	0.022	945	FR	17-18
141.1015	0.0135	946	FR	17-18
169.5525	0.012	947	FR	17-18
175.325	0.0155	948	FR	17-18
185.2995	0.02	949	FR	17-18
190.973	0.012	950	FR	17-18
202.6175	0.0175	951	FR	17-18
219.3055	0.0315	952	FR	17-18
224.6805	0.019	953	FR	17-18
225.662	0.0285	954	FR	17-18
230.282	0.019	955	FR	17-18
233.6345	0.014	956	FR	17-18
233.65	0.0245	957	FR	17-18
0.502	0.0145	958	FR	18-19
2.7085	0.0265	959	FR	18-19
3.82	0.0145	960	FR	18-19
6.071	0.02	961	FR	18-19
12.77	0.0195	962	FR	18-19
13.8235	0.0385	963	FR	18-19
14.884	0.0325	964	FR	18-19
15.9885	0.013	965	FR	18-19
25.4655	0.016	966	FR	18-19
26.5465	0.0125	967	FR	18-19
27.466	0.0235	968	FR	18-19
30.605	0.014	969	FR	18-19
30.8945	0.0105	970	FR	18-19
31.702	0.0225	971	FR	18-19
34.968	0.017	972	FR	18-19
37.1465	0.0215	973	FR	18-19
38.067	0.018	974	FR	18-19
51.2205	0.015	975	FR	18-19
63.2305	0.015	976	FR	18-19
66.7495	0.0395	977	FR	18-19
70.14	0.043	978	FR	18-19
72.328	0.044	979	FR	18-19
73.865	0.012	980	FR	18-19
76.4855	0.0205	981	FR	18-19
81.906	0.0255	982	FR	18-19
82.9495	0.0185	983	FR	18-19
84.0775	0.02	984	FR	18-19
85.0725	0.015	985	FR	18-19
90.1335	0.012	986	FR	18-19
98.995	0.019	987	FR	18-19
103.7805	0.0115	988	FR	18-19
104.7345	0.021	989	FR	18-19
108.2195	0.018	990	FR	18-19
109.2585	0.0185	991	FR	18-19
120.0075	0.021	992	FR	18-19
122.102	0.0145	993	FR	18-19
123.0885	0.019	994	FR	18-19
123.959	0.024	995	FR	18-19
125.975	0.022	996	FR	18-19
126.8385	0.021	997	FR	18-19
128.7445	0.031	998	FR	18-19
137.296	0.0115	999	FR	18-19
139.031	0.023	1000	FR	18-19
140.1285	0.0205	1001	FR	18-19
141.103	0.0095	1002	FR	18-19
146.7855	0.026	1003	FR	18-19
156.3845	0.0185	1004	FR	18-19
162.492	0.0225	1005	FR	18-19
166.093	0.021	1006	FR	18-19
175.32	0.028	1007	FR	18-19
179.5345	0.022	1008	FR	18-19
185.3025	0.0235	1009	FR	18-19
186.2385	0.034	1010	FR	18-19
189.9825	0.0135	1011	FR	18-19
190.964	0.031	1012	FR	18-19
195.637	0.011	1013	FR	18-19
200.7395	0.019	1014	FR	18-19
201.671	0.024	1015	FR	18-19
208.473	0.019	1016	FR	18-19
210.43	0.0155	1017	FR	18-19
219.299	0.04	1018	FR	18-19
225.6435	0.038	1019	FR	18-19
228.4755	0.02	1020	FR	18-19
230.289	0.016	1021	FR	18-19
231.37	0.013	1022	FR	18-19
232.2535	0.023	1023	FR	18-19
0.49	0.03	1024	FR	19-20
3.8045	0.03	1025	FR	19-20
4.972	0.014	1026	FR	19-20
10.5595	0.014	1027	FR	19-20
11.691	0.026	1028	FR	19-20
12.7455	0.024	1029	FR	19-20
12.7705	0.017	1030	FR	19-20
13.817	0.015	1031	FR	19-20
14.869	0.0425	1032	FR	19-20
23.4705	0.019	1033	FR	19-20
26.545	0.013	1034	FR	19-20
27.467	0.0185	1035	FR	19-20
28.485	0.0195	1036	FR	19-20
31.6985	0.0365	1037	FR	19-20
34.97	0.015	1038	FR	19-20
38.0545	0.04	1039	FR	19-20
39.0765	0.0275	1040	FR	19-20
40.605	0.0185	1041	FR	19-20
42.847	0.0155	1042	FR	19-20
52.7785	0.0365	1043	FR	19-20
63.195	0.032	1044	FR	19-20
66.7565	0.0205	1045	FR	19-20
70.144	0.0385	1046	FR	19-20
72.344	0.0225	1047	FR	19-20
73.862	0.013	1048	FR	19-20
75.314	0.0345	1049	FR	19-20
76.4715	0.0215	1050	FR	19-20
78.722	0.0205	1051	FR	19-20
81.909	0.026	1052	FR	19-20
82.9385	0.0245	1053	FR	19-20
84.073	0.012	1054	FR	19-20
85.0715	0.0125	1055	FR	19-20
90.1165	0.0295	1056	FR	19-20
98.994	0.0205	1057	FR	19-20
104.7265	0.023	1058	FR	19-20
109.2535	0.026	1059	FR	19-20
119.999	0.025	1060	FR	19-20
121.1675	0.0155	1061	FR	19-20
122.1045	0.0105	1062	FR	19-20
123.088	0.018	1063	FR	19-20
124.994	0.017	1064	FR	19-20
125.9725	0.0195	1065	FR	19-20
126.839	0.012	1066	FR	19-20
128.7455	0.0305	1067	FR	19-20
129.791	0.0215	1068	FR	19-20
134.7415	0.016	1069	FR	19-20
139.0305	0.032	1070	FR	19-20
146.7785	0.0285	1071	FR	19-20
147.7295	0.0135	1072	FR	19-20
148.649	0.019	1073	FR	19-20
156.384	0.0185	1074	FR	19-20
168.542	0.0135	1075	FR	19-20
169.535	0.0325	1076	FR	19-20
175.3045	0.031	1077	FR	19-20
177.4725	0.0155	1078	FR	19-20
179.5335	0.0175	1079	FR	19-20
185.2925	0.0255	1080	FR	19-20
186.235	0.031	1081	FR	19-20
190.9545	0.0405	1082	FR	19-20
200.7355	0.0165	1083	FR	19-20
201.662	0.0295	1084	FR	19-20
202.609	0.019	1085	FR	19-20
208.4735	0.021	1086	FR	19-20
219.298	0.0245	1087	FR	19-20
222.5695	0.0115	1088	FR	19-20
223.6455	0.035	1089	FR	19-20
224.6855	0.0115	1090	FR	19-20
226.6435	0.029	1091	FR	19-20
228.466	0.0295	1092	FR	19-20
229.4015	0.019	1093	FR	19-20
230.2725	0.04	1094	FR	19-20
231.3545	0.024	1095	FR	19-20
232.246	0.0195	1096	FR	19-20
0.495	0.0185	1097	FR	20-21
1.6275	0.0145	1098	FR	20-21
3.802	0.023	1099	FR	20-21
4.9705	0.016	1100	FR	20-21
8.2725	0.02	1101	FR	20-21
10.5305	0.043	1102	FR	20-21
14.879	0.0245	1103	FR	20-21
20.5405	0.0135	1104	FR	20-21
23.462	0.029	1105	FR	20-21
24.429	0.0145	1106	FR	20-21
28.4745	0.025	1107	FR	20-21
30.8825	0.0225	1108	FR	20-21
31.702	0.0135	1109	FR	20-21
38.0535	0.0215	1110	FR	20-21
44.0025	0.02	1111	FR	20-21
46.1285	0.0135	1112	FR	20-21
51.199	0.027	1113	FR	20-21
52.7895	0.016	1114	FR	20-21
63.183	0.0505	1115	FR	20-21
70.134	0.031	1116	FR	20-21
72.3335	0.031	1117	FR	20-21
73.8555	0.026	1118	FR	20-21
75.314	0.025	1119	FR	20-21
76.478	0.022	1120	FR	20-21
82.935	0.0315	1121	FR	20-21
84.057	0.016	1122	FR	20-21
91.1005	0.0135	1123	FR	20-21
91.881	0.0175	1124	FR	20-21
112.1845	0.023	1125	FR	20-21
120.013	0.02	1126	FR	20-21
124.9895	0.011	1127	FR	20-21
130.874	0.027	1128	FR	20-21
140.1305	0.0255	1129	FR	20-21
141.8655	0.016	1130	FR	20-21
156.377	0.0205	1131	FR	20-21
168.54	0.022	1132	FR	20-21
169.5455	0.0135	1133	FR	20-21
175.3085	0.026	1134	FR	20-21
177.4795	0.0145	1135	FR	20-21
178.589	0.0215	1136	FR	20-21
187.301	0.01	1137	FR	20-21
189.9695	0.02	1138	FR	20-21
190.9525	0.0315	1139	FR	20-21
200.7385	0.0205	1140	FR	20-21
201.667	0.0215	1141	FR	20-21
202.596	0.031	1142	FR	20-21
203.7275	0.017	1143	FR	20-21
208.4825	0.016	1144	FR	20-21
210.4175	0.037	1145	FR	20-21
216.8365	0.028	1146	FR	20-21
222.583	0.0145	1147	FR	20-21
223.641	0.0275	1148	FR	20-21
225.645	0.04	1149	FR	20-21
227.512	0.0105	1150	FR	20-21
228.465	0.0305	1151	FR	20-21
229.404	0.0245	1152	FR	20-21
230.2835	0.014	1153	FR	20-21
231.3415	0.027	1154	FR	20-21
233.6325	0.026	1155	FR	20-21
0.494	0.0155	1156	FR	21-22
3.8005	0.029	1157	FR	21-22
4.971	0.0165	1158	FR	21-22
9.459	0.022	1159	FR	21-22
10.547	0.013	1160	FR	21-22
28.4795	0.0135	1161	FR	21-22
30.8935	0.021	1162	FR	21-22
31.6965	0.019	1163	FR	21-22
38.041	0.034	1164	FR	21-22
40.602	0.0315	1165	FR	21-22
43.996	0.021	1166	FR	21-22
46.127	0.0265	1167	FR	21-22
51.1845	0.0195	1168	FR	21-22
51.207	0.02	1169	FR	21-22
52.7765	0.0195	1170	FR	21-22
72.3295	0.035	1171	FR	21-22
73.8465	0.0145	1172	FR	21-22
75.319	0.016	1173	FR	21-22
76.4765	0.019	1174	FR	21-22
78.731	0.016	1175	FR	21-22
80.871	0.0235	1176	FR	21-22
81.901	0.0355	1177	FR	21-22
82.9275	0.024	1178	FR	21-22
84.056	0.0165	1179	FR	21-22
85.067	0.0145	1180	FR	21-22
91.8675	0.0335	1181	FR	21-22
119.9935	0.04	1182	FR	21-22
122.091	0.0235	1183	FR	21-22
124.9885	0.0115	1184	FR	21-22
128.7375	0.021	1185	FR	21-22
129.7915	0.024	1186	FR	21-22
140.123	0.015	1187	FR	21-22
141.1	0.017	1188	FR	21-22
146.7695	0.0185	1189	FR	21-22
156.3795	0.019	1190	FR	21-22
169.5455	0.011	1191	FR	21-22
174.1485	0.0295	1192	FR	21-22
175.2945	0.0455	1193	FR	21-22
179.509	0.0355	1194	FR	21-22
181.5725	0.0215	1195	FR	21-22
182.497	0.0145	1196	FR	21-22
183.391	0.0105	1197	FR	21-22
189.975	0.026	1198	FR	21-22
190.9595	0.0105	1199	FR	21-22
201.6585	0.0145	1200	FR	21-22
216.835	0.0225	1201	FR	21-22
220.4295	0.0205	1202	FR	21-22
222.585	0.018	1203	FR	21-22
223.6595	0.018	1204	FR	21-22
224.6715	0.02	1205	FR	21-22
225.6565	0.028	1206	FR	21-22
226.646	0.013	1207	FR	21-22
229.4005	0.0275	1208	FR	21-22
230.2755	0.011	1209	FR	21-22
231.3455	0.024	1210	FR	21-22
1.633	0.0255	1211	FR	22-23
2.6955	0.0155	1212	FR	22-23
3.804	0.011	1213	FR	22-23
4.9655	0.012	1214	FR	22-23
8.273	0.018	1215	FR	22-23
12.757	0.024	1216	FR	22-23
13.807	0.028	1217	FR	22-23
28.4735	0.018	1218	FR	22-23
31.6915	0.0165	1219	FR	22-23
35.9915	0.012	1220	FR	22-23
42.0165	0.0375	1221	FR	22-23
46.137	0.011	1222	FR	22-23
51.1835	0.033	1223	FR	22-23
53.7935	0.018	1224	FR	22-23
63.205	0.017	1225	FR	22-23
72.322	0.0135	1226	FR	22-23
73.8375	0.0315	1227	FR	22-23
75.3025	0.0165	1228	FR	22-23
78.7235	0.0145	1229	FR	22-23
80.8765	0.0155	1230	FR	22-23
81.913	0.016	1231	FR	22-23
82.929	0.0175	1232	FR	22-23
88.005	0.0145	1233	FR	22-23
94.6365	0.0095	1234	FR	22-23
100.9585	0.0195	1235	FR	22-23
103.7735	0.011	1236	FR	22-23
107.317	0.0175	1237	FR	22-23
109.2355	0.0175	1238	FR	22-23
112.1775	0.0135	1239	FR	22-23
119.996	0.018	1240	FR	22-23
122.089	0.0335	1241	FR	22-23
123.954	0.0225	1242	FR	22-23
128.7355	0.016	1243	FR	22-23
146.7615	0.0285	1244	FR	22-23
147.7025	0.019	1245	FR	22-23
148.643	0.0135	1246	FR	22-23
168.531	0.016	1247	FR	22-23
175.299	0.017	1248	FR	22-23
180.5005	0.021	1249	FR	22-23
182.827	0.011	1250	FR	22-23
183.3755	0.0145	1251	FR	22-23
189.021	0.016	1252	FR	22-23
189.9745	0.0185	1253	FR	22-23
190.9665	0.0275	1254	FR	22-23
200.7275	0.0155	1255	FR	22-23
201.6585	0.029	1256	FR	22-23
202.599	0.0105	1257	FR	22-23
208.456	0.0375	1258	FR	22-23
209.7275	0.015	1259	FR	22-23
210.419	0.012	1260	FR	22-23
220.438	0.02	1261	FR	22-23
221.4895	0.032	1262	FR	22-23
226.6455	0.0165	1263	FR	22-23
231.3295	0.0555	1264	FR	22-23
233.635	0.016	1265	FR	22-23
235.096	0.012	1266	FR	22-23
1.634	0.0305	1267	FR	23-24
2.697	0.033	1268	FR	23-24
3.804	0.0165	1269	FR	23-24
4.968	0.025	1270	FR	23-24
6.0565	0.0245	1271	FR	23-24
8.275	0.029	1272	FR	23-24
10.5585	0.035	1273	FR	23-24
11.6985	0.029	1274	FR	23-24
12.763	0.013	1275	FR	23-24
13.833	0.02	1276	FR	23-24
26.5325	0.0245	1277	FR	23-24
32.82	0.02	1278	FR	23-24
34.9505	0.0345	1279	FR	23-24
35.977	0.0255	1280	FR	23-24
40.5965	0.0185	1281	FR	23-24
42.016	0.02	1282	FR	23-24
70.147	0.0215	1283	FR	23-24
73.841	0.0465	1284	FR	23-24
76.4755	0.032	1285	FR	23-24
77.6395	0.017	1286	FR	23-24
78.729	0.0135	1287	FR	23-24
80.8765	0.017	1288	FR	23-24
81.903	0.0355	1289	FR	23-24
82.9365	0.021	1290	FR	23-24
84.0485	0.037	1291	FR	23-24
85.0555	0.025	1292	FR	23-24
90.1115	0.028	1293	FR	23-24
91.8885	0.016	1294	FR	23-24
97.748	0.014	1295	FR	23-24
104.72	0.0185	1296	FR	23-24
119.9965	0.014	1297	FR	23-24
122.0915	0.0225	1298	FR	23-24
123.0745	0.032	1299	FR	23-24
123.9585	0.0165	1300	FR	23-24
125.982	0.0215	1301	FR	23-24
126.8195	0.036	1302	FR	23-24
128.7375	0.023	1303	FR	23-24
129.7845	0.0295	1304	FR	23-24
130.893	0.0165	1305	FR	23-24
146.7685	0.013	1306	FR	23-24
160.8545	0.0135	1307	FR	23-24
162.489	0.026	1308	FR	23-24
163.391	0.0125	1309	FR	23-24
168.5345	0.032	1310	FR	23-24
175.3075	0.0355	1311	FR	23-24
176.5335	0.026	1312	FR	23-24
183.3705	0.02	1313	FR	23-24
189.9735	0.026	1314	FR	23-24
190.954	0.0185	1315	FR	23-24
199.857	0.0125	1316	FR	23-24
200.7215	0.0275	1317	FR	23-24
201.657	0.023	1318	FR	23-24
202.59	0.02	1319	FR	23-24
208.4835	0.011	1320	FR	23-24
210.4035	0.022	1321	FR	23-24
219.307	0.02	1322	FR	23-24
220.443	0.03	1323	FR	23-24
222.577	0.03	1324	FR	23-24
225.631	0.0285	1325	FR	23-24
226.649	0.043	1326	FR	23-24
227.511	0.03	1327	FR	23-24
229.387	0.022	1328	FR	23-24
230.2645	0.0335	1329	FR	23-24
0.481	0.026	1330	FR	25-26
2.723	0.0145	1331	FR	25-26
4.99	0.0165	1332	FR	25-26
8.284	0.0235	1333	FR	25-26
11.71	0.0195	1334	FR	25-26
14.888	0.019	1335	FR	25-26
22.4315	0.0115	1336	FR	25-26
25.4635	0.0185	1337	FR	25-26
27.4685	0.019	1338	FR	25-26
30.886	0.018	1339	FR	25-26
31.703	0.0225	1340	FR	25-26
32.835	0.0175	1341	FR	25-26
51.1955	0.0245	1342	FR	25-26
52.806	0.017	1343	FR	25-26
63.2215	0.012	1344	FR	25-26
70.1535	0.0265	1345	FR	25-26
75.318	0.031	1346	FR	25-26
76.4845	0.036	1347	FR	25-26
82.936	0.04	1348	FR	25-26
120.014	0.016	1349	FR	25-26
122.1015	0.016	1350	FR	25-26
123.0965	0.014	1351	FR	25-26
128.753	0.015	1352	FR	25-26
139.1295	0.011	1353	FR	25-26
155.4895	0.012	1354	FR	25-26
169.548	0.0245	1355	FR	25-26
174.1645	0.0395	1356	FR	25-26
176.5675	0.0145	1357	FR	25-26
177.482	0.0125	1358	FR	25-26
190.9675	0.0225	1359	FR	25-26
202.62	0.017	1360	FR	25-26
222.5885	0.0125	1361	FR	25-26
224.681	0.0125	1362	FR	25-26
225.648	0.017	1363	FR	25-26
226.657	0.0255	1364	FR	25-26
231.354	0.0145	1365	FR	25-26
0.483	0.038	1366	FR	26-27
4.9845	0.02	1367	FR	26-27
8.28	0.028	1368	FR	26-27
9.4695	0.0275	1369	FR	26-27
10.5645	0.0275	1370	FR	26-27
30.876	0.0205	1371	FR	26-27
31.7035	0.021	1372	FR	26-27
63.1945	0.012	1373	FR	26-27
66.7655	0.0195	1374	FR	26-27
70.1545	0.0215	1375	FR	26-27
73.8575	0.0225	1376	FR	26-27
75.3245	0.029	1377	FR	26-27
76.4955	0.02	1378	FR	26-27
78.7265	0.0165	1379	FR	26-27
81.9195	0.0235	1380	FR	26-27
82.9435	0.0285	1381	FR	26-27
88.024	0.014	1382	FR	26-27
91.107	0.0105	1383	FR	26-27
174.171	0.0325	1384	FR	26-27
176.568	0.0145	1385	FR	26-27
190.9645	0.0145	1386	FR	26-27
201.686	0.0155	1387	FR	26-27
202.618	0.018	1388	FR	26-27
219.3145	0.0095	1389	FR	26-27
222.584	0.0135	1390	FR	26-27
1.6445	0.017	1391	FR	27-28
25.4545	0.0265	1392	FR	27-28
39.0765	0.0245	1393	FR	27-28
70.151	0.0285	1394	FR	27-28
75.324	0.039	1395	FR	27-28
76.4885	0.0165	1396	FR	27-28
81.9165	0.03	1397	FR	27-28
82.936	0.0305	1398	FR	27-28
122.089	0.024	1399	FR	27-28
225.646	0.023	1400	FR	27-28
0.498	0.0155	1401	FR	28-29
3.8025	0.027	1402	FR	28-29
9.464	0.025	1403	FR	28-29
30.8885	0.0205	1404	FR	28-29
78.7275	0.0215	1405	FR	28-29
82.946	0.0175	1406	FR	28-29
228.4625	0.02	1407	FR	28-29
3.8055	0.0175	1408	FR	29-30
39.0815	0.0145	1409	FR	29-30
73.8635	0.012	1410	FR	29-30
78.726	0.0165	1411	FR	29-30
224.6805	0.012	1412	FR	29-30
148.6425	0.0145	1413	FR	30-31
